Trait,Species,Individuals,Deviation,Direction,Power,Directional_power,Mean_departure
Jump_Takeoff_Velocity_SVL.second,4,5,0,Null,0.059,NA,0.0119
Jump_Takeoff_Velocity_SVL.second,4,5,20,Negative,0.471,0.471,-0.1868
Jump_Takeoff_Velocity_SVL.second,4,5,20,Positive,0.256,0.256,0.2145
Jump_Takeoff_Velocity_SVL.second,4,5,50,Negative,1,1,-0.4925
Jump_Takeoff_Velocity_SVL.second,4,5,50,Positive,0.803,0.803,0.5281
Jump_Takeoff_Velocity_SVL.second,4,5,80,Negative,1,1,-0.7968
Jump_Takeoff_Velocity_SVL.second,4,5,80,Positive,0.937,0.937,0.8309
Jump_Takeoff_Velocity_SVL.second,4,8,0,Null,0.052,NA,0.0104
Jump_Takeoff_Velocity_SVL.second,4,8,20,Negative,0.651,0.651,-0.1913
Jump_Takeoff_Velocity_SVL.second,4,8,20,Positive,0.379,0.379,0.2054
Jump_Takeoff_Velocity_SVL.second,4,8,50,Negative,1,1,-0.495
Jump_Takeoff_Velocity_SVL.second,4,8,50,Positive,0.929,0.929,0.5157
Jump_Takeoff_Velocity_SVL.second,4,8,80,Negative,1,1,-0.7973
Jump_Takeoff_Velocity_SVL.second,4,8,80,Positive,0.997,0.997,0.8182
Jump_Takeoff_Velocity_SVL.second,4,10,0,Null,0.044,NA,0.0043
Jump_Takeoff_Velocity_SVL.second,4,10,20,Negative,0.732,0.732,-0.1945
Jump_Takeoff_Velocity_SVL.second,4,10,20,Positive,0.496,0.496,0.2115
Jump_Takeoff_Velocity_SVL.second,4,10,50,Negative,1,1,-0.4967
Jump_Takeoff_Velocity_SVL.second,4,10,50,Positive,0.966,0.966,0.5046
Jump_Takeoff_Velocity_SVL.second,4,10,80,Negative,1,1,-0.7982
Jump_Takeoff_Velocity_SVL.second,4,10,80,Positive,0.999,0.999,0.816
Jump_Takeoff_Velocity_SVL.second,5,5,0,Null,0.035,NA,0.0168
Jump_Takeoff_Velocity_SVL.second,5,5,20,Negative,0.625,0.625,-0.1889
Jump_Takeoff_Velocity_SVL.second,5,5,20,Positive,0.411,0.411,0.2181
Jump_Takeoff_Velocity_SVL.second,5,5,50,Negative,1,1,-0.4941
Jump_Takeoff_Velocity_SVL.second,5,5,50,Positive,0.954,0.954,0.5164
Jump_Takeoff_Velocity_SVL.second,5,5,80,Negative,1,1,-0.7974
Jump_Takeoff_Velocity_SVL.second,5,5,80,Positive,0.997,0.997,0.8349
Jump_Takeoff_Velocity_SVL.second,5,8,0,Null,0.036,NA,0.0087
Jump_Takeoff_Velocity_SVL.second,5,8,20,Negative,0.814,0.814,-0.1933
Jump_Takeoff_Velocity_SVL.second,5,8,20,Positive,0.593,0.593,0.2162
Jump_Takeoff_Velocity_SVL.second,5,8,50,Negative,1,1,-0.4942
Jump_Takeoff_Velocity_SVL.second,5,8,50,Positive,0.994,0.994,0.5177
Jump_Takeoff_Velocity_SVL.second,5,8,80,Negative,1,1,-0.7976
Jump_Takeoff_Velocity_SVL.second,5,8,80,Positive,1,1,0.8135
Jump_Takeoff_Velocity_SVL.second,5,10,0,Null,0.053,NA,0.009
Jump_Takeoff_Velocity_SVL.second,5,10,20,Negative,0.89,0.89,-0.1956
Jump_Takeoff_Velocity_SVL.second,5,10,20,Positive,0.657,0.657,0.2101
Jump_Takeoff_Velocity_SVL.second,5,10,50,Negative,1,1,-0.4967
Jump_Takeoff_Velocity_SVL.second,5,10,50,Positive,0.999,0.999,0.5085
Jump_Takeoff_Velocity_SVL.second,5,10,80,Negative,1,1,-0.7983
Jump_Takeoff_Velocity_SVL.second,5,10,80,Positive,1,1,0.811
Jump_Takeoff_Velocity_SVL.second,6,5,0,Null,0.058,NA,0.0087
Jump_Takeoff_Velocity_SVL.second,6,5,20,Negative,0.75,0.75,-0.1875
Jump_Takeoff_Velocity_SVL.second,6,5,20,Positive,0.534,0.534,0.2174
Jump_Takeoff_Velocity_SVL.second,6,5,50,Negative,1,1,-0.4914
Jump_Takeoff_Velocity_SVL.second,6,5,50,Positive,0.994,0.994,0.5166
Jump_Takeoff_Velocity_SVL.second,6,5,80,Negative,1,1,-0.7971
Jump_Takeoff_Velocity_SVL.second,6,5,80,Positive,1,1,0.8301
Jump_Takeoff_Velocity_SVL.second,6,8,0,Null,0.054,NA,0.0074
Jump_Takeoff_Velocity_SVL.second,6,8,20,Negative,0.888,0.888,-0.1923
Jump_Takeoff_Velocity_SVL.second,6,8,20,Positive,0.737,0.737,0.2136
Jump_Takeoff_Velocity_SVL.second,6,8,50,Negative,1,1,-0.4941
Jump_Takeoff_Velocity_SVL.second,6,8,50,Positive,1,1,0.5143
Jump_Takeoff_Velocity_SVL.second,6,8,80,Negative,1,1,-0.798
Jump_Takeoff_Velocity_SVL.second,6,8,80,Positive,1,1,0.8148
Jump_Takeoff_Velocity_SVL.second,6,10,0,Null,0.048,NA,0.0096
Jump_Takeoff_Velocity_SVL.second,6,10,20,Negative,0.941,0.941,-0.1954
Jump_Takeoff_Velocity_SVL.second,6,10,20,Positive,0.82,0.82,0.2081
Jump_Takeoff_Velocity_SVL.second,6,10,50,Negative,1,1,-0.4962
Jump_Takeoff_Velocity_SVL.second,6,10,50,Positive,1,1,0.5098
Jump_Takeoff_Velocity_SVL.second,6,10,80,Negative,1,1,-0.7985
Jump_Takeoff_Velocity_SVL.second,6,10,80,Positive,1,1,0.8132
Jump_Takeoff_Velocity_SVL.second,7,5,0,Null,0.043,NA,0.0164
Jump_Takeoff_Velocity_SVL.second,7,5,20,Negative,0.815,0.815,-0.1906
Jump_Takeoff_Velocity_SVL.second,7,5,20,Positive,0.64,0.64,0.218
Jump_Takeoff_Velocity_SVL.second,7,5,50,Negative,1,1,-0.4914
Jump_Takeoff_Velocity_SVL.second,7,5,50,Positive,0.998,0.998,0.5166
Jump_Takeoff_Velocity_SVL.second,7,5,80,Negative,1,1,-0.7968
Jump_Takeoff_Velocity_SVL.second,7,5,80,Positive,1,1,0.8293
Jump_Takeoff_Velocity_SVL.second,7,8,0,Null,0.051,NA,0.0102
Jump_Takeoff_Velocity_SVL.second,7,8,20,Negative,0.941,0.941,-0.1917
Jump_Takeoff_Velocity_SVL.second,7,8,20,Positive,0.831,0.831,0.2108
Jump_Takeoff_Velocity_SVL.second,7,8,50,Negative,1,1,-0.4954
Jump_Takeoff_Velocity_SVL.second,7,8,50,Positive,1,1,0.5155
Jump_Takeoff_Velocity_SVL.second,7,8,80,Negative,1,1,-0.7984
Jump_Takeoff_Velocity_SVL.second,7,8,80,Positive,1,1,0.8156
Jump_Takeoff_Velocity_SVL.second,7,10,0,Null,0.059,NA,0.0077
Jump_Takeoff_Velocity_SVL.second,7,10,20,Negative,0.982,0.982,-0.1945
Jump_Takeoff_Velocity_SVL.second,7,10,20,Positive,0.923,0.923,0.2099
Jump_Takeoff_Velocity_SVL.second,7,10,50,Negative,1,1,-0.4959
Jump_Takeoff_Velocity_SVL.second,7,10,50,Positive,1,1,0.5084
Jump_Takeoff_Velocity_SVL.second,7,10,80,Negative,1,1,-0.7984
Jump_Takeoff_Velocity_SVL.second,7,10,80,Positive,1,1,0.8173
Jump_Takeoff_Velocity_SVL.second,8,5,0,Null,0.058,NA,0.0135
Jump_Takeoff_Velocity_SVL.second,8,5,20,Negative,0.857,0.857,-0.1875
Jump_Takeoff_Velocity_SVL.second,8,5,20,Positive,0.739,0.739,0.2174
Jump_Takeoff_Velocity_SVL.second,8,5,50,Negative,1,1,-0.4919
Jump_Takeoff_Velocity_SVL.second,8,5,50,Positive,1,1,0.526
Jump_Takeoff_Velocity_SVL.second,8,5,80,Negative,1,1,-0.7968
Jump_Takeoff_Velocity_SVL.second,8,5,80,Positive,1,1,0.8271
Jump_Takeoff_Velocity_SVL.second,8,8,0,Null,0.049,NA,0.0095
Jump_Takeoff_Velocity_SVL.second,8,8,20,Negative,0.973,0.973,-0.1945
Jump_Takeoff_Velocity_SVL.second,8,8,20,Positive,0.906,0.906,0.2115
Jump_Takeoff_Velocity_SVL.second,8,8,50,Negative,1,1,-0.4949
Jump_Takeoff_Velocity_SVL.second,8,8,50,Positive,1,1,0.5167
Jump_Takeoff_Velocity_SVL.second,8,8,80,Negative,1,1,-0.7977
Jump_Takeoff_Velocity_SVL.second,8,8,80,Positive,1,1,0.8136
Jump_Takeoff_Velocity_SVL.second,8,10,0,Null,0.06,NA,0.0091
Jump_Takeoff_Velocity_SVL.second,8,10,20,Negative,0.992,0.992,-0.1943
Jump_Takeoff_Velocity_SVL.second,8,10,20,Positive,0.953,0.953,0.2087
Jump_Takeoff_Velocity_SVL.second,8,10,50,Negative,1,1,-0.4962
Jump_Takeoff_Velocity_SVL.second,8,10,50,Positive,1,1,0.513
Jump_Takeoff_Velocity_SVL.second,8,10,80,Negative,1,1,-0.7983
Jump_Takeoff_Velocity_SVL.second,8,10,80,Positive,1,1,0.8125
Jump_Takeoff_Velocity_SVL.second,9,5,0,Null,0.045,NA,0.0138
Jump_Takeoff_Velocity_SVL.second,9,5,20,Negative,0.902,0.902,-0.1875
Jump_Takeoff_Velocity_SVL.second,9,5,20,Positive,0.829,0.829,0.2201
Jump_Takeoff_Velocity_SVL.second,9,5,50,Negative,1,1,-0.4905
Jump_Takeoff_Velocity_SVL.second,9,5,50,Positive,1,1,0.5214
Jump_Takeoff_Velocity_SVL.second,9,5,80,Negative,1,1,-0.7967
Jump_Takeoff_Velocity_SVL.second,9,5,80,Positive,1,1,0.827
Jump_Takeoff_Velocity_SVL.second,9,8,0,Null,0.045,NA,0.0103
Jump_Takeoff_Velocity_SVL.second,9,8,20,Negative,0.986,0.986,-0.1922
Jump_Takeoff_Velocity_SVL.second,9,8,20,Positive,0.944,0.944,0.2108
Jump_Takeoff_Velocity_SVL.second,9,8,50,Negative,1,1,-0.4967
Jump_Takeoff_Velocity_SVL.second,9,8,50,Positive,1,1,0.5187
Jump_Takeoff_Velocity_SVL.second,9,8,80,Negative,1,1,-0.7986
Jump_Takeoff_Velocity_SVL.second,9,8,80,Positive,1,1,0.8135
Jump_Takeoff_Velocity_SVL.second,9,10,0,Null,0.056,NA,0.0062
Jump_Takeoff_Velocity_SVL.second,9,10,20,Negative,0.993,0.993,-0.195
Jump_Takeoff_Velocity_SVL.second,9,10,20,Positive,0.979,0.979,0.2078
Jump_Takeoff_Velocity_SVL.second,9,10,50,Negative,1,1,-0.4965
Jump_Takeoff_Velocity_SVL.second,9,10,50,Positive,1,1,0.5127
Jump_Takeoff_Velocity_SVL.second,9,10,80,Negative,1,1,-0.7984
Jump_Takeoff_Velocity_SVL.second,9,10,80,Positive,1,1,0.8099
Jump_Takeoff_Velocity_SVL.second,10,5,0,Null,0.041,NA,0.0148
Jump_Takeoff_Velocity_SVL.second,10,5,20,Negative,0.927,0.927,-0.1873
Jump_Takeoff_Velocity_SVL.second,10,5,20,Positive,0.873,0.873,0.2196
Jump_Takeoff_Velocity_SVL.second,10,5,50,Negative,1,1,-0.4929
Jump_Takeoff_Velocity_SVL.second,10,5,50,Positive,1,1,0.5251
Jump_Takeoff_Velocity_SVL.second,10,5,80,Negative,1,1,-0.797
Jump_Takeoff_Velocity_SVL.second,10,5,80,Positive,1,1,0.8262
Jump_Takeoff_Velocity_SVL.second,10,8,0,Null,0.058,NA,0.0105
Jump_Takeoff_Velocity_SVL.second,10,8,20,Negative,0.992,0.992,-0.1939
Jump_Takeoff_Velocity_SVL.second,10,8,20,Positive,0.965,0.965,0.2114
Jump_Takeoff_Velocity_SVL.second,10,8,50,Negative,1,1,-0.4954
Jump_Takeoff_Velocity_SVL.second,10,8,50,Positive,1,1,0.5137
Jump_Takeoff_Velocity_SVL.second,10,8,80,Negative,1,1,-0.7979
Jump_Takeoff_Velocity_SVL.second,10,8,80,Positive,1,1,0.8179
Jump_Takeoff_Velocity_SVL.second,10,10,0,Null,0.053,NA,0.0086
Jump_Takeoff_Velocity_SVL.second,10,10,20,Negative,0.998,0.998,-0.1936
Jump_Takeoff_Velocity_SVL.second,10,10,20,Positive,0.992,0.992,0.2083
Jump_Takeoff_Velocity_SVL.second,10,10,50,Negative,1,1,-0.4963
Jump_Takeoff_Velocity_SVL.second,10,10,50,Positive,1,1,0.5098
Jump_Takeoff_Velocity_SVL.second,10,10,80,Negative,1,1,-0.7981
Jump_Takeoff_Velocity_SVL.second,10,10,80,Positive,1,1,0.8126
Mean_Swim_Speed_SVL.second,4,5,0,Null,0.038,NA,0.0095
Mean_Swim_Speed_SVL.second,4,5,20,Negative,0.737,0.737,-0.1949
Mean_Swim_Speed_SVL.second,4,5,20,Positive,0.488,0.488,0.2085
Mean_Swim_Speed_SVL.second,4,5,50,Negative,1,1,-0.4957
Mean_Swim_Speed_SVL.second,4,5,50,Positive,0.973,0.973,0.5095
Mean_Swim_Speed_SVL.second,4,5,80,Negative,1,1,-0.7984
Mean_Swim_Speed_SVL.second,4,5,80,Positive,0.999,0.999,0.8117
Mean_Swim_Speed_SVL.second,4,8,0,Null,0.053,NA,0.0042
Mean_Swim_Speed_SVL.second,4,8,20,Negative,0.891,0.891,-0.1967
Mean_Swim_Speed_SVL.second,4,8,20,Positive,0.683,0.683,0.2048
Mean_Swim_Speed_SVL.second,4,8,50,Negative,1,1,-0.4975
Mean_Swim_Speed_SVL.second,4,8,50,Positive,0.999,0.999,0.5065
Mean_Swim_Speed_SVL.second,4,8,80,Negative,1,1,-0.7995
Mean_Swim_Speed_SVL.second,4,8,80,Positive,1,1,0.8079
Mean_Swim_Speed_SVL.second,4,10,0,Null,0.055,NA,0.0031
Mean_Swim_Speed_SVL.second,4,10,20,Negative,0.96,0.96,-0.1973
Mean_Swim_Speed_SVL.second,4,10,20,Positive,0.779,0.779,0.2055
Mean_Swim_Speed_SVL.second,4,10,50,Negative,1,1,-0.4986
Mean_Swim_Speed_SVL.second,4,10,50,Positive,1,1,0.5067
Mean_Swim_Speed_SVL.second,4,10,80,Negative,1,1,-0.7998
Mean_Swim_Speed_SVL.second,4,10,80,Positive,1,1,0.8049
Mean_Swim_Speed_SVL.second,5,5,0,Null,0.052,NA,0.0045
Mean_Swim_Speed_SVL.second,5,5,20,Negative,0.897,0.897,-0.1942
Mean_Swim_Speed_SVL.second,5,5,20,Positive,0.678,0.678,0.2067
Mean_Swim_Speed_SVL.second,5,5,50,Negative,1,1,-0.4951
Mean_Swim_Speed_SVL.second,5,5,50,Positive,0.999,0.999,0.5102
Mean_Swim_Speed_SVL.second,5,5,80,Negative,1,1,-0.7983
Mean_Swim_Speed_SVL.second,5,5,80,Positive,1,1,0.8127
Mean_Swim_Speed_SVL.second,5,8,0,Null,0.041,NA,0.0049
Mean_Swim_Speed_SVL.second,5,8,20,Negative,0.957,0.957,-0.1962
Mean_Swim_Speed_SVL.second,5,8,20,Positive,0.884,0.884,0.2057
Mean_Swim_Speed_SVL.second,5,8,50,Negative,1,1,-0.4977
Mean_Swim_Speed_SVL.second,5,8,50,Positive,1,1,0.5055
Mean_Swim_Speed_SVL.second,5,8,80,Negative,1,1,-0.799
Mean_Swim_Speed_SVL.second,5,8,80,Positive,1,1,0.8094
Mean_Swim_Speed_SVL.second,5,10,0,Null,0.051,NA,0.0038
Mean_Swim_Speed_SVL.second,5,10,20,Negative,0.985,0.985,-0.1967
Mean_Swim_Speed_SVL.second,5,10,20,Positive,0.915,0.915,0.2035
Mean_Swim_Speed_SVL.second,5,10,50,Negative,1,1,-0.4987
Mean_Swim_Speed_SVL.second,5,10,50,Positive,1,1,0.5034
Mean_Swim_Speed_SVL.second,5,10,80,Negative,1,1,-0.7995
Mean_Swim_Speed_SVL.second,5,10,80,Positive,1,1,0.807
Mean_Swim_Speed_SVL.second,6,5,0,Null,0.061,NA,0.006
Mean_Swim_Speed_SVL.second,6,5,20,Negative,0.942,0.942,-0.1921
Mean_Swim_Speed_SVL.second,6,5,20,Positive,0.831,0.831,0.2092
Mean_Swim_Speed_SVL.second,6,5,50,Negative,1,1,-0.4954
Mean_Swim_Speed_SVL.second,6,5,50,Positive,1,1,0.5144
Mean_Swim_Speed_SVL.second,6,5,80,Negative,1,1,-0.7985
Mean_Swim_Speed_SVL.second,6,5,80,Positive,1,1,0.8139
Mean_Swim_Speed_SVL.second,6,8,0,Null,0.059,NA,0.0045
Mean_Swim_Speed_SVL.second,6,8,20,Negative,0.991,0.991,-0.1974
Mean_Swim_Speed_SVL.second,6,8,20,Positive,0.95,0.95,0.2056
Mean_Swim_Speed_SVL.second,6,8,50,Negative,1,1,-0.4978
Mean_Swim_Speed_SVL.second,6,8,50,Positive,1,1,0.5066
Mean_Swim_Speed_SVL.second,6,8,80,Negative,1,1,-0.7991
Mean_Swim_Speed_SVL.second,6,8,80,Positive,1,1,0.8146
Mean_Swim_Speed_SVL.second,6,10,0,Null,0.061,NA,0.0027
Mean_Swim_Speed_SVL.second,6,10,20,Negative,0.999,0.999,-0.1971
Mean_Swim_Speed_SVL.second,6,10,20,Positive,0.984,0.984,0.2047
Mean_Swim_Speed_SVL.second,6,10,50,Negative,1,1,-0.4973
Mean_Swim_Speed_SVL.second,6,10,50,Positive,1,1,0.5055
Mean_Swim_Speed_SVL.second,6,10,80,Negative,1,1,-0.7995
Mean_Swim_Speed_SVL.second,6,10,80,Positive,1,1,0.8046
Mean_Swim_Speed_SVL.second,7,5,0,Null,0.036,NA,0.0062
Mean_Swim_Speed_SVL.second,7,5,20,Negative,0.98,0.98,-0.1935
Mean_Swim_Speed_SVL.second,7,5,20,Positive,0.923,0.923,0.2095
Mean_Swim_Speed_SVL.second,7,5,50,Negative,1,1,-0.4951
Mean_Swim_Speed_SVL.second,7,5,50,Positive,1,1,0.51
Mean_Swim_Speed_SVL.second,7,5,80,Negative,1,1,-0.7984
Mean_Swim_Speed_SVL.second,7,5,80,Positive,1,1,0.8134
Mean_Swim_Speed_SVL.second,7,8,0,Null,0.049,NA,0.0043
Mean_Swim_Speed_SVL.second,7,8,20,Negative,1,1,-0.1961
Mean_Swim_Speed_SVL.second,7,8,20,Positive,0.984,0.984,0.2057
Mean_Swim_Speed_SVL.second,7,8,50,Negative,1,1,-0.4981
Mean_Swim_Speed_SVL.second,7,8,50,Positive,1,1,0.5105
Mean_Swim_Speed_SVL.second,7,8,80,Negative,1,1,-0.7989
Mean_Swim_Speed_SVL.second,7,8,80,Positive,1,1,0.8108
Mean_Swim_Speed_SVL.second,7,10,0,Null,0.054,NA,0.0022
Mean_Swim_Speed_SVL.second,7,10,20,Negative,1,1,-0.1978
Mean_Swim_Speed_SVL.second,7,10,20,Positive,0.996,0.996,0.2054
Mean_Swim_Speed_SVL.second,7,10,50,Negative,1,1,-0.4986
Mean_Swim_Speed_SVL.second,7,10,50,Positive,1,1,0.5067
Mean_Swim_Speed_SVL.second,7,10,80,Negative,1,1,-0.7991
Mean_Swim_Speed_SVL.second,7,10,80,Positive,1,1,0.8068
Mean_Swim_Speed_SVL.second,8,5,0,Null,0.058,NA,0.0069
Mean_Swim_Speed_SVL.second,8,5,20,Negative,0.994,0.994,-0.1948
Mean_Swim_Speed_SVL.second,8,5,20,Positive,0.967,0.967,0.2084
Mean_Swim_Speed_SVL.second,8,5,50,Negative,1,1,-0.4964
Mean_Swim_Speed_SVL.second,8,5,50,Positive,1,1,0.5093
Mean_Swim_Speed_SVL.second,8,5,80,Negative,1,1,-0.7982
Mean_Swim_Speed_SVL.second,8,5,80,Positive,1,1,0.8141
Mean_Swim_Speed_SVL.second,8,8,0,Null,0.043,NA,0.0034
Mean_Swim_Speed_SVL.second,8,8,20,Negative,1,1,-0.1962
Mean_Swim_Speed_SVL.second,8,8,20,Positive,0.994,0.994,0.2037
Mean_Swim_Speed_SVL.second,8,8,50,Negative,1,1,-0.497
Mean_Swim_Speed_SVL.second,8,8,50,Positive,1,1,0.5039
Mean_Swim_Speed_SVL.second,8,8,80,Negative,1,1,-0.7992
Mean_Swim_Speed_SVL.second,8,8,80,Positive,1,1,0.8096
Mean_Swim_Speed_SVL.second,8,10,0,Null,0.056,NA,0.0023
Mean_Swim_Speed_SVL.second,8,10,20,Negative,1,1,-0.198
Mean_Swim_Speed_SVL.second,8,10,20,Positive,1,1,0.2037
Mean_Swim_Speed_SVL.second,8,10,50,Negative,1,1,-0.4979
Mean_Swim_Speed_SVL.second,8,10,50,Positive,1,1,0.5047
Mean_Swim_Speed_SVL.second,8,10,80,Negative,1,1,-0.7993
Mean_Swim_Speed_SVL.second,8,10,80,Positive,1,1,0.8081
Mean_Swim_Speed_SVL.second,9,5,0,Null,0.046,NA,0.0077
Mean_Swim_Speed_SVL.second,9,5,20,Negative,0.995,0.995,-0.1937
Mean_Swim_Speed_SVL.second,9,5,20,Positive,0.984,0.984,0.2094
Mean_Swim_Speed_SVL.second,9,5,50,Negative,1,1,-0.4964
Mean_Swim_Speed_SVL.second,9,5,50,Positive,1,1,0.5099
Mean_Swim_Speed_SVL.second,9,5,80,Negative,1,1,-0.7981
Mean_Swim_Speed_SVL.second,9,5,80,Positive,1,1,0.8127
Mean_Swim_Speed_SVL.second,9,8,0,Null,0.038,NA,0.0046
Mean_Swim_Speed_SVL.second,9,8,20,Negative,0.999,0.999,-0.1967
Mean_Swim_Speed_SVL.second,9,8,20,Positive,1,1,0.2042
Mean_Swim_Speed_SVL.second,9,8,50,Negative,1,1,-0.4976
Mean_Swim_Speed_SVL.second,9,8,50,Positive,1,1,0.5056
Mean_Swim_Speed_SVL.second,9,8,80,Negative,1,1,-0.7988
Mean_Swim_Speed_SVL.second,9,8,80,Positive,1,1,0.8079
Mean_Swim_Speed_SVL.second,9,10,0,Null,0.056,NA,0.0034
Mean_Swim_Speed_SVL.second,9,10,20,Negative,1,1,-0.1973
Mean_Swim_Speed_SVL.second,9,10,20,Positive,1,1,0.2032
Mean_Swim_Speed_SVL.second,9,10,50,Negative,1,1,-0.4987
Mean_Swim_Speed_SVL.second,9,10,50,Positive,1,1,0.5041
Mean_Swim_Speed_SVL.second,9,10,80,Negative,1,1,-0.7997
Mean_Swim_Speed_SVL.second,9,10,80,Positive,1,1,0.8035
Mean_Swim_Speed_SVL.second,10,5,0,Null,0.05,NA,0.0083
Mean_Swim_Speed_SVL.second,10,5,20,Negative,0.998,0.998,-0.1949
Mean_Swim_Speed_SVL.second,10,5,20,Positive,0.992,0.992,0.21
Mean_Swim_Speed_SVL.second,10,5,50,Negative,1,1,-0.496
Mean_Swim_Speed_SVL.second,10,5,50,Positive,1,1,0.5101
Mean_Swim_Speed_SVL.second,10,5,80,Negative,1,1,-0.7983
Mean_Swim_Speed_SVL.second,10,5,80,Positive,1,1,0.8126
Mean_Swim_Speed_SVL.second,10,8,0,Null,0.039,NA,0.005
Mean_Swim_Speed_SVL.second,10,8,20,Negative,1,1,-0.1973
Mean_Swim_Speed_SVL.second,10,8,20,Positive,1,1,0.2048
Mean_Swim_Speed_SVL.second,10,8,50,Negative,1,1,-0.4977
Mean_Swim_Speed_SVL.second,10,8,50,Positive,1,1,0.5057
Mean_Swim_Speed_SVL.second,10,8,80,Negative,1,1,-0.7992
Mean_Swim_Speed_SVL.second,10,8,80,Positive,1,1,0.8085
Mean_Swim_Speed_SVL.second,10,10,0,Null,0.046,NA,0.0037
Mean_Swim_Speed_SVL.second,10,10,20,Negative,1,1,-0.1978
Mean_Swim_Speed_SVL.second,10,10,20,Positive,1,1,0.2028
Mean_Swim_Speed_SVL.second,10,10,50,Negative,1,1,-0.4976
Mean_Swim_Speed_SVL.second,10,10,50,Positive,1,1,0.5045
Mean_Swim_Speed_SVL.second,10,10,80,Negative,1,1,-0.799
Mean_Swim_Speed_SVL.second,10,10,80,Positive,1,1,0.8047
Peak_Jump_Force_mN,4,5,0,Null,0.046,NA,0.0148
Peak_Jump_Force_mN,4,5,20,Negative,0.455,0.455,-0.1861
Peak_Jump_Force_mN,4,5,20,Positive,0.238,0.238,0.221
Peak_Jump_Force_mN,4,5,50,Negative,0.999,0.999,-0.4905
Peak_Jump_Force_mN,4,5,50,Positive,0.735,0.735,0.5216
Peak_Jump_Force_mN,4,5,80,Negative,1,1,-0.7967
Peak_Jump_Force_mN,4,5,80,Positive,0.93,0.93,0.8308
Peak_Jump_Force_mN,4,8,0,Null,0.065,NA,0.0066
Peak_Jump_Force_mN,4,8,20,Negative,0.608,0.608,-0.1926
Peak_Jump_Force_mN,4,8,20,Positive,0.341,0.341,0.2124
Peak_Jump_Force_mN,4,8,50,Negative,1,1,-0.4939
Peak_Jump_Force_mN,4,8,50,Positive,0.922,0.922,0.5254
Peak_Jump_Force_mN,4,8,80,Negative,1,1,-0.798
Peak_Jump_Force_mN,4,8,80,Positive,0.994,0.994,0.8196
Peak_Jump_Force_mN,4,10,0,Null,0.061,NA,0.0068
Peak_Jump_Force_mN,4,10,20,Negative,0.669,0.669,-0.1943
Peak_Jump_Force_mN,4,10,20,Positive,0.428,0.428,0.208
Peak_Jump_Force_mN,4,10,50,Negative,1,1,-0.4942
Peak_Jump_Force_mN,4,10,50,Positive,0.931,0.931,0.5152
Peak_Jump_Force_mN,4,10,80,Negative,1,1,-0.7986
Peak_Jump_Force_mN,4,10,80,Positive,0.998,0.998,0.8193
Peak_Jump_Force_mN,5,5,0,Null,0.044,NA,0.0155
Peak_Jump_Force_mN,5,5,20,Negative,0.576,0.576,-0.1863
Peak_Jump_Force_mN,5,5,20,Positive,0.346,0.346,0.2186
Peak_Jump_Force_mN,5,5,50,Negative,1,1,-0.4939
Peak_Jump_Force_mN,5,5,50,Positive,0.92,0.92,0.5248
Peak_Jump_Force_mN,5,5,80,Negative,1,1,-0.7971
Peak_Jump_Force_mN,5,5,80,Positive,0.99,0.99,0.8307
Peak_Jump_Force_mN,5,8,0,Null,0.048,NA,0.0142
Peak_Jump_Force_mN,5,8,20,Negative,0.723,0.723,-0.1896
Peak_Jump_Force_mN,5,8,20,Positive,0.504,0.504,0.2126
Peak_Jump_Force_mN,5,8,50,Negative,1,1,-0.4932
Peak_Jump_Force_mN,5,8,50,Positive,0.983,0.983,0.5215
Peak_Jump_Force_mN,5,8,80,Negative,1,1,-0.7973
Peak_Jump_Force_mN,5,8,80,Positive,1,1,0.8166
Peak_Jump_Force_mN,5,10,0,Null,0.053,NA,0.0063
Peak_Jump_Force_mN,5,10,20,Negative,0.839,0.839,-0.1953
Peak_Jump_Force_mN,5,10,20,Positive,0.612,0.612,0.21
Peak_Jump_Force_mN,5,10,50,Negative,1,1,-0.4961
Peak_Jump_Force_mN,5,10,50,Positive,0.995,0.995,0.5106
Peak_Jump_Force_mN,5,10,80,Negative,1,1,-0.798
Peak_Jump_Force_mN,5,10,80,Positive,1,1,0.8134
Peak_Jump_Force_mN,6,5,0,Null,0.055,NA,0.0169
Peak_Jump_Force_mN,6,5,20,Negative,0.649,0.649,-0.1849
Peak_Jump_Force_mN,6,5,20,Positive,0.458,0.458,0.2173
Peak_Jump_Force_mN,6,5,50,Negative,1,1,-0.489
Peak_Jump_Force_mN,6,5,50,Positive,0.984,0.984,0.5245
Peak_Jump_Force_mN,6,5,80,Negative,1,1,-0.7966
Peak_Jump_Force_mN,6,5,80,Positive,0.999,0.999,0.8243
Peak_Jump_Force_mN,6,8,0,Null,0.055,NA,0.0099
Peak_Jump_Force_mN,6,8,20,Negative,0.831,0.831,-0.1895
Peak_Jump_Force_mN,6,8,20,Positive,0.646,0.646,0.2084
Peak_Jump_Force_mN,6,8,50,Negative,1,1,-0.4936
Peak_Jump_Force_mN,6,8,50,Positive,1,1,0.5121
Peak_Jump_Force_mN,6,8,80,Negative,1,1,-0.7982
Peak_Jump_Force_mN,6,8,80,Positive,1,1,0.8173
Peak_Jump_Force_mN,6,10,0,Null,0.049,NA,0.0091
Peak_Jump_Force_mN,6,10,20,Negative,0.921,0.921,-0.1942
Peak_Jump_Force_mN,6,10,20,Positive,0.774,0.774,0.2136
Peak_Jump_Force_mN,6,10,50,Negative,1,1,-0.4963
Peak_Jump_Force_mN,6,10,50,Positive,1,1,0.51
Peak_Jump_Force_mN,6,10,80,Negative,1,1,-0.7978
Peak_Jump_Force_mN,6,10,80,Positive,1,1,0.811
Peak_Jump_Force_mN,7,5,0,Null,0.049,NA,0.018
Peak_Jump_Force_mN,7,5,20,Negative,0.725,0.725,-0.1847
Peak_Jump_Force_mN,7,5,20,Positive,0.575,0.575,0.2177
Peak_Jump_Force_mN,7,5,50,Negative,1,1,-0.4921
Peak_Jump_Force_mN,7,5,50,Positive,0.995,0.995,0.5298
Peak_Jump_Force_mN,7,5,80,Negative,1,1,-0.7967
Peak_Jump_Force_mN,7,5,80,Positive,1,1,0.8306
Peak_Jump_Force_mN,7,8,0,Null,0.051,NA,0.0083
Peak_Jump_Force_mN,7,8,20,Negative,0.908,0.908,-0.1895
Peak_Jump_Force_mN,7,8,20,Positive,0.766,0.766,0.2112
Peak_Jump_Force_mN,7,8,50,Negative,1,1,-0.494
Peak_Jump_Force_mN,7,8,50,Positive,1,1,0.5153
Peak_Jump_Force_mN,7,8,80,Negative,1,1,-0.7979
Peak_Jump_Force_mN,7,8,80,Positive,1,1,0.8194
Peak_Jump_Force_mN,7,10,0,Null,0.044,NA,0.0066
Peak_Jump_Force_mN,7,10,20,Negative,0.963,0.963,-0.1931
Peak_Jump_Force_mN,7,10,20,Positive,0.844,0.844,0.2093
Peak_Jump_Force_mN,7,10,50,Negative,1,1,-0.4952
Peak_Jump_Force_mN,7,10,50,Positive,1,1,0.5106
Peak_Jump_Force_mN,7,10,80,Negative,1,1,-0.7979
Peak_Jump_Force_mN,7,10,80,Positive,1,1,0.819
Peak_Jump_Force_mN,8,5,0,Null,0.057,NA,0.0154
Peak_Jump_Force_mN,8,5,20,Negative,0.809,0.809,-0.1882
Peak_Jump_Force_mN,8,5,20,Positive,0.684,0.684,0.2229
Peak_Jump_Force_mN,8,5,50,Negative,1,1,-0.4905
Peak_Jump_Force_mN,8,5,50,Positive,0.999,0.999,0.526
Peak_Jump_Force_mN,8,5,80,Negative,1,1,-0.7967
Peak_Jump_Force_mN,8,5,80,Positive,1,1,0.8287
Peak_Jump_Force_mN,8,8,0,Null,0.055,NA,0.008
Peak_Jump_Force_mN,8,8,20,Negative,0.956,0.956,-0.1921
Peak_Jump_Force_mN,8,8,20,Positive,0.851,0.851,0.2099
Peak_Jump_Force_mN,8,8,50,Negative,1,1,-0.4933
Peak_Jump_Force_mN,8,8,50,Positive,1,1,0.5155
Peak_Jump_Force_mN,8,8,80,Negative,1,1,-0.7974
Peak_Jump_Force_mN,8,8,80,Positive,1,1,0.8206
Peak_Jump_Force_mN,8,10,0,Null,0.045,NA,0.0085
Peak_Jump_Force_mN,8,10,20,Negative,0.985,0.985,-0.1935
Peak_Jump_Force_mN,8,10,20,Positive,0.922,0.922,0.209
Peak_Jump_Force_mN,8,10,50,Negative,1,1,-0.4958
Peak_Jump_Force_mN,8,10,50,Positive,1,1,0.5145
Peak_Jump_Force_mN,8,10,80,Negative,1,1,-0.7981
Peak_Jump_Force_mN,8,10,80,Positive,1,1,0.8131
Peak_Jump_Force_mN,9,5,0,Null,0.044,NA,0.0127
Peak_Jump_Force_mN,9,5,20,Negative,0.862,0.862,-0.1851
Peak_Jump_Force_mN,9,5,20,Positive,0.753,0.753,0.2188
Peak_Jump_Force_mN,9,5,50,Negative,1,1,-0.4915
Peak_Jump_Force_mN,9,5,50,Positive,1,1,0.5291
Peak_Jump_Force_mN,9,5,80,Negative,1,1,-0.797
Peak_Jump_Force_mN,9,5,80,Positive,1,1,0.8227
Peak_Jump_Force_mN,9,8,0,Null,0.029,NA,0.0106
Peak_Jump_Force_mN,9,8,20,Negative,0.97,0.97,-0.1889
Peak_Jump_Force_mN,9,8,20,Positive,0.908,0.908,0.2121
Peak_Jump_Force_mN,9,8,50,Negative,1,1,-0.4946
Peak_Jump_Force_mN,9,8,50,Positive,1,1,0.5197
Peak_Jump_Force_mN,9,8,80,Negative,1,1,-0.7977
Peak_Jump_Force_mN,9,8,80,Positive,1,1,0.8218
Peak_Jump_Force_mN,9,10,0,Null,0.043,NA,0.0082
Peak_Jump_Force_mN,9,10,20,Negative,0.993,0.993,-0.1915
Peak_Jump_Force_mN,9,10,20,Positive,0.958,0.958,0.2118
Peak_Jump_Force_mN,9,10,50,Negative,1,1,-0.4961
Peak_Jump_Force_mN,9,10,50,Positive,1,1,0.5188
Peak_Jump_Force_mN,9,10,80,Negative,1,1,-0.7982
Peak_Jump_Force_mN,9,10,80,Positive,1,1,0.8147
Peak_Jump_Force_mN,10,5,0,Null,0.062,NA,0.0166
Peak_Jump_Force_mN,10,5,20,Negative,0.892,0.892,-0.1854
Peak_Jump_Force_mN,10,5,20,Positive,0.813,0.813,0.2199
Peak_Jump_Force_mN,10,5,50,Negative,1,1,-0.4901
Peak_Jump_Force_mN,10,5,50,Positive,1,1,0.5283
Peak_Jump_Force_mN,10,5,80,Negative,1,1,-0.797
Peak_Jump_Force_mN,10,5,80,Positive,1,1,0.8253
Peak_Jump_Force_mN,10,8,0,Null,0.051,NA,0.0109
Peak_Jump_Force_mN,10,8,20,Negative,0.986,0.986,-0.1903
Peak_Jump_Force_mN,10,8,20,Positive,0.954,0.954,0.2121
Peak_Jump_Force_mN,10,8,50,Negative,1,1,-0.4953
Peak_Jump_Force_mN,10,8,50,Positive,1,1,0.5167
Peak_Jump_Force_mN,10,8,80,Negative,1,1,-0.798
Peak_Jump_Force_mN,10,8,80,Positive,1,1,0.82
Peak_Jump_Force_mN,10,10,0,Null,0.058,NA,0.0073
Peak_Jump_Force_mN,10,10,20,Negative,0.994,0.994,-0.1935
Peak_Jump_Force_mN,10,10,20,Positive,0.977,0.977,0.2102
Peak_Jump_Force_mN,10,10,50,Negative,1,1,-0.4953
Peak_Jump_Force_mN,10,10,50,Positive,1,1,0.5135
Peak_Jump_Force_mN,10,10,80,Negative,1,1,-0.798
Peak_Jump_Force_mN,10,10,80,Positive,1,1,0.8154
Walking_Speed_SVL.second,4,5,0,Null,0.047,NA,0.0669
Walking_Speed_SVL.second,4,5,20,Negative,0.193,0.191,-0.1457
Walking_Speed_SVL.second,4,5,20,Positive,0.087,0.083,0.2846
Walking_Speed_SVL.second,4,5,50,Negative,0.842,0.842,-0.4642
Walking_Speed_SVL.second,4,5,50,Positive,0.25,0.25,0.6119
Walking_Speed_SVL.second,4,5,80,Negative,1,1,-0.7857
Walking_Speed_SVL.second,4,5,80,Positive,0.402,0.402,0.9249
Walking_Speed_SVL.second,4,8,0,Null,0.044,NA,0.0499
Walking_Speed_SVL.second,4,8,20,Negative,0.227,0.226,-0.1656
Walking_Speed_SVL.second,4,8,20,Positive,0.119,0.116,0.2433
Walking_Speed_SVL.second,4,8,50,Negative,0.936,0.936,-0.4797
Walking_Speed_SVL.second,4,8,50,Positive,0.379,0.379,0.5643
Walking_Speed_SVL.second,4,8,80,Negative,1,1,-0.7913
Walking_Speed_SVL.second,4,8,80,Positive,0.612,0.612,0.8605
Walking_Speed_SVL.second,4,10,0,Null,0.038,NA,0.028
Walking_Speed_SVL.second,4,10,20,Negative,0.269,0.269,-0.1747
Walking_Speed_SVL.second,4,10,20,Positive,0.154,0.152,0.2408
Walking_Speed_SVL.second,4,10,50,Negative,0.969,0.969,-0.4814
Walking_Speed_SVL.second,4,10,50,Positive,0.44,0.44,0.5496
Walking_Speed_SVL.second,4,10,80,Negative,1,1,-0.7932
Walking_Speed_SVL.second,4,10,80,Positive,0.725,0.725,0.867
Walking_Speed_SVL.second,5,5,0,Null,0.051,NA,0.0698
Walking_Speed_SVL.second,5,5,20,Negative,0.223,0.223,-0.1403
Walking_Speed_SVL.second,5,5,20,Positive,0.12,0.118,0.2844
Walking_Speed_SVL.second,5,5,50,Negative,0.913,0.913,-0.4623
Walking_Speed_SVL.second,5,5,50,Positive,0.356,0.356,0.5899
Walking_Speed_SVL.second,5,5,80,Negative,1,1,-0.7855
Walking_Speed_SVL.second,5,5,80,Positive,0.624,0.624,0.9351
Walking_Speed_SVL.second,5,8,0,Null,0.065,NA,0.0345
Walking_Speed_SVL.second,5,8,20,Negative,0.296,0.296,-0.1688
Walking_Speed_SVL.second,5,8,20,Positive,0.175,0.173,0.2489
Walking_Speed_SVL.second,5,8,50,Negative,0.984,0.984,-0.4815
Walking_Speed_SVL.second,5,8,50,Positive,0.534,0.534,0.5568
Walking_Speed_SVL.second,5,8,80,Negative,1,1,-0.7921
Walking_Speed_SVL.second,5,8,80,Positive,0.833,0.833,0.8764
Walking_Speed_SVL.second,5,10,0,Null,0.043,NA,0.0327
Walking_Speed_SVL.second,5,10,20,Negative,0.374,0.374,-0.1756
Walking_Speed_SVL.second,5,10,20,Positive,0.212,0.212,0.2525
Walking_Speed_SVL.second,5,10,50,Negative,0.995,0.995,-0.483
Walking_Speed_SVL.second,5,10,50,Positive,0.68,0.68,0.5511
Walking_Speed_SVL.second,5,10,80,Negative,1,1,-0.7936
Walking_Speed_SVL.second,5,10,80,Positive,0.896,0.896,0.8444
Walking_Speed_SVL.second,6,5,0,Null,0.049,NA,0.0703
Walking_Speed_SVL.second,6,5,20,Negative,0.248,0.247,-0.1472
Walking_Speed_SVL.second,6,5,20,Positive,0.17,0.17,0.2882
Walking_Speed_SVL.second,6,5,50,Negative,0.946,0.946,-0.4629
Walking_Speed_SVL.second,6,5,50,Positive,0.523,0.523,0.6057
Walking_Speed_SVL.second,6,5,80,Negative,1,1,-0.7856
Walking_Speed_SVL.second,6,5,80,Positive,0.806,0.806,0.9169
Walking_Speed_SVL.second,6,8,0,Null,0.036,NA,0.0413
Walking_Speed_SVL.second,6,8,20,Negative,0.374,0.373,-0.1635
Walking_Speed_SVL.second,6,8,20,Positive,0.242,0.242,0.2537
Walking_Speed_SVL.second,6,8,50,Negative,0.992,0.992,-0.4777
Walking_Speed_SVL.second,6,8,50,Positive,0.742,0.742,0.5686
Walking_Speed_SVL.second,6,8,80,Negative,1,1,-0.7917
Walking_Speed_SVL.second,6,8,80,Positive,0.928,0.928,0.8834
Walking_Speed_SVL.second,6,10,0,Null,0.048,NA,0.0321
Walking_Speed_SVL.second,6,10,20,Negative,0.424,0.424,-0.1745
Walking_Speed_SVL.second,6,10,20,Positive,0.268,0.268,0.2368
Walking_Speed_SVL.second,6,10,50,Negative,1,1,-0.4831
Walking_Speed_SVL.second,6,10,50,Positive,0.818,0.818,0.543
Walking_Speed_SVL.second,6,10,80,Negative,1,1,-0.7932
Walking_Speed_SVL.second,6,10,80,Positive,0.979,0.979,0.8633
Walking_Speed_SVL.second,7,5,0,Null,0.046,NA,0.0622
Walking_Speed_SVL.second,7,5,20,Negative,0.285,0.285,-0.1468
Walking_Speed_SVL.second,7,5,20,Positive,0.185,0.184,0.2865
Walking_Speed_SVL.second,7,5,50,Negative,0.98,0.98,-0.4674
Walking_Speed_SVL.second,7,5,50,Positive,0.649,0.649,0.5936
Walking_Speed_SVL.second,7,5,80,Negative,1,1,-0.7865
Walking_Speed_SVL.second,7,5,80,Positive,0.9,0.9,0.9178
Walking_Speed_SVL.second,7,8,0,Null,0.035,NA,0.0385
Walking_Speed_SVL.second,7,8,20,Negative,0.397,0.397,-0.1659
Walking_Speed_SVL.second,7,8,20,Positive,0.28,0.278,0.2527
Walking_Speed_SVL.second,7,8,50,Negative,0.998,0.998,-0.4783
Walking_Speed_SVL.second,7,8,50,Positive,0.85,0.85,0.5579
Walking_Speed_SVL.second,7,8,80,Negative,1,1,-0.7921
Walking_Speed_SVL.second,7,8,80,Positive,0.99,0.99,0.8745
Walking_Speed_SVL.second,7,10,0,Null,0.051,NA,0.0348
Walking_Speed_SVL.second,7,10,20,Negative,0.492,0.492,-0.1743
Walking_Speed_SVL.second,7,10,20,Positive,0.364,0.364,0.2487
Walking_Speed_SVL.second,7,10,50,Negative,1,1,-0.4844
Walking_Speed_SVL.second,7,10,50,Positive,0.919,0.919,0.5498
Walking_Speed_SVL.second,7,10,80,Negative,1,1,-0.7933
Walking_Speed_SVL.second,7,10,80,Positive,0.995,0.995,0.8534
Walking_Speed_SVL.second,8,5,0,Null,0.052,NA,0.0697
Walking_Speed_SVL.second,8,5,20,Negative,0.284,0.283,-0.1466
Walking_Speed_SVL.second,8,5,20,Positive,0.245,0.245,0.2731
Walking_Speed_SVL.second,8,5,50,Negative,0.992,0.992,-0.464
Walking_Speed_SVL.second,8,5,50,Positive,0.772,0.772,0.6062
Walking_Speed_SVL.second,8,5,80,Negative,1,1,-0.7861
Walking_Speed_SVL.second,8,5,80,Positive,0.956,0.956,0.923
Walking_Speed_SVL.second,8,8,0,Null,0.039,NA,0.0401
Walking_Speed_SVL.second,8,8,20,Negative,0.459,0.459,-0.1681
Walking_Speed_SVL.second,8,8,20,Positive,0.309,0.309,0.2465
Walking_Speed_SVL.second,8,8,50,Negative,1,1,-0.4785
Walking_Speed_SVL.second,8,8,50,Positive,0.9,0.9,0.5568
Walking_Speed_SVL.second,8,8,80,Negative,1,1,-0.7917
Walking_Speed_SVL.second,8,8,80,Positive,0.999,0.999,0.8817
Walking_Speed_SVL.second,8,10,0,Null,0.048,NA,0.031
Walking_Speed_SVL.second,8,10,20,Negative,0.531,0.531,-0.1709
Walking_Speed_SVL.second,8,10,20,Positive,0.439,0.439,0.2434
Walking_Speed_SVL.second,8,10,50,Negative,1,1,-0.4808
Walking_Speed_SVL.second,8,10,50,Positive,0.956,0.956,0.5488
Walking_Speed_SVL.second,8,10,80,Negative,1,1,-0.793
Walking_Speed_SVL.second,8,10,80,Positive,1,1,0.8537
Walking_Speed_SVL.second,9,5,0,Null,0.044,NA,0.0703
Walking_Speed_SVL.second,9,5,20,Negative,0.311,0.31,-0.143
Walking_Speed_SVL.second,9,5,20,Positive,0.276,0.275,0.278
Walking_Speed_SVL.second,9,5,50,Negative,0.997,0.997,-0.4657
Walking_Speed_SVL.second,9,5,50,Positive,0.82,0.82,0.6038
Walking_Speed_SVL.second,9,5,80,Negative,1,1,-0.7863
Walking_Speed_SVL.second,9,5,80,Positive,0.976,0.976,0.9151
Walking_Speed_SVL.second,9,8,0,Null,0.058,NA,0.0435
Walking_Speed_SVL.second,9,8,20,Negative,0.471,0.471,-0.1643
Walking_Speed_SVL.second,9,8,20,Positive,0.411,0.411,0.2475
Walking_Speed_SVL.second,9,8,50,Negative,1,1,-0.4812
Walking_Speed_SVL.second,9,8,50,Positive,0.965,0.965,0.5679
Walking_Speed_SVL.second,9,8,80,Negative,1,1,-0.7919
Walking_Speed_SVL.second,9,8,80,Positive,1,1,0.882
Walking_Speed_SVL.second,9,10,0,Null,0.049,NA,0.035
Walking_Speed_SVL.second,9,10,20,Negative,0.565,0.565,-0.1694
Walking_Speed_SVL.second,9,10,20,Positive,0.466,0.466,0.2419
Walking_Speed_SVL.second,9,10,50,Negative,1,1,-0.4859
Walking_Speed_SVL.second,9,10,50,Positive,0.987,0.987,0.5605
Walking_Speed_SVL.second,9,10,80,Negative,1,1,-0.7934
Walking_Speed_SVL.second,9,10,80,Positive,1,1,0.8606
Walking_Speed_SVL.second,10,5,0,Null,0.048,NA,0.0738
Walking_Speed_SVL.second,10,5,20,Negative,0.316,0.316,-0.1427
Walking_Speed_SVL.second,10,5,20,Positive,0.338,0.338,0.2887
Walking_Speed_SVL.second,10,5,50,Negative,0.997,0.997,-0.4681
Walking_Speed_SVL.second,10,5,50,Positive,0.903,0.903,0.6064
Walking_Speed_SVL.second,10,5,80,Negative,1,1,-0.7862
Walking_Speed_SVL.second,10,5,80,Positive,0.993,0.993,0.9285
Walking_Speed_SVL.second,10,8,0,Null,0.049,NA,0.0431
Walking_Speed_SVL.second,10,8,20,Negative,0.552,0.552,-0.1682
Walking_Speed_SVL.second,10,8,20,Positive,0.483,0.483,0.2524
Walking_Speed_SVL.second,10,8,50,Negative,1,1,-0.4794
Walking_Speed_SVL.second,10,8,50,Positive,0.982,0.982,0.5628
Walking_Speed_SVL.second,10,8,80,Negative,1,1,-0.7905
Walking_Speed_SVL.second,10,8,80,Positive,1,1,0.874
Walking_Speed_SVL.second,10,10,0,Null,0.049,NA,0.0314
Walking_Speed_SVL.second,10,10,20,Negative,0.618,0.618,-0.1709
Walking_Speed_SVL.second,10,10,20,Positive,0.586,0.586,0.2428
Walking_Speed_SVL.second,10,10,50,Negative,1,1,-0.4829
Walking_Speed_SVL.second,10,10,50,Positive,0.993,0.993,0.5517
Walking_Speed_SVL.second,10,10,80,Negative,1,1,-0.792
Walking_Speed_SVL.second,10,10,80,Positive,1,1,0.8573
