species,Individual,mass_g,SVL_mm,Perc_Muscle_Mass,Perc_Viscera_Mass,Hindlimb.SVL,Tarsal.Tibia_Length,Distal.Proximal_Aponeurosis_Width,PL_Fiber.Muscle_Length,PL_Pennation_Angle_deg,PL.Total_Muscle_Mass,Peak_Jump_Force_BW,Jump_Takeoff_Velocity_SVL.second,Total_Jump_Energy_J.kg_musc,Peak_Jump_Power_W.kg_musc,Mean_Swim_Speed_SVL.second,Swim_Frequency_Hz,Swim_Duty_Factor,Peak_Swim_Speed_SVL.second,Walking_Stride_Frequency_Hz,Walking_Speed_SVL.second,SM_Twitch.Tetanus_Ratio,SM_Time_to_Peak_Twitch_ms,SM_Time_to_Half_Twitch_Relax_ms,SM_Time_to_Peak_Tetanus_ms,SM_Time_to_Half_Peak_Tetanus_ms,SM_Time_to_Half_Tetanus_Relax_ms,SM_Time_to_50%_Force_Loss_s,PL_Twitch.Tetanus_Ratio,PL_Time_to_Peak_Twitch_ms,PL_Time_to_Half_Twitch_Relax_ms,PL_Time_to_Peak_Tetanus_ms,PL_Time_to_Half_Peak_Tetanus_ms,PL_Time_to_Half_Tetanus_Relax_ms,PL_Time_to_50Perc_Force_Loss_s
Ambystoma_tigrinum,1,41.678,95,0.02,0.31,0.44,0,0,1,0,0.14,,,,,5,6.67,0.5,5,1.82,1.15,0.547,0.05,0.1,0.246,0.023,0.136,37,0.439,0.05,0.067,0.32,0.036,0.096,34
Ambystoma_tigrinum,2,42.372,104,0.02,0.33,0.44,0,0,1,0,0.13,,,,,7.91,6.67,0.5,7.91,1.76,1.08,0.471,0.039,0.067,0.137,0.026,0.095,47,0.471,0.055,0.054,0.299,0.042,0.088,
Ambystoma_tigrinum,3,46.45,100,0.03,0.19,0.45,0,0,1,0,0.12,,,,,3.91,5,0.5,3.91,3.33,3.96,,,,,,,,,,,,,,
Bombina_orientalis,1,7.011,45,0.13,0.18,1.47,0.56,1.29,0.4,22,0.16,,,,,8.49,4.29,0.36,15.37,,,0.553,0.029,0.053,0.153,0.017,0.057,30,0.474,0.032,0.03,0.172,0.024,0.055,23
Bombina_orientalis,2,3.621,36,0.11,0.18,1.58,0.6,1.76,0.49,30.9,0.18,,,,,13.12,3.75,0.19,21.3,,,0.566,0.03,0.056,0.192,0.017,0.064,13,0.391,0.036,0.033,0.239,0.034,0.063,9
Bombina_orientalis,3,4.864,40,0.09,0.18,1.48,0.79,1.32,0.49,18.5,0.2,,,,,7.63,2.86,0.19,18.35,,,0.568,0.029,0.05,0.162,0.016,0.046,32,0.377,0.027,0.026,0.191,0.025,0.047,47
Bombina_orientalis,4,5.165,40,0.1,0.36,1.5,0.67,1.23,0.4,26.4,0.15,,,,,10.28,4.62,0.23,16.75,,,,,,,,,,0.488,0.032,0.027,0.164,0.022,0.042,7
Bombina_orientalis,5,3.395,42,0.07,0.14,1.52,0.67,1.76,,,0.19,3.77,29.5,13.9,371,,,,,,,,,,,,,,,,,,,,
Bombina_orientalis,6,4.965,42,0.08,0.21,1.43,0.67,2.13,,,0.17,4.68,33.2,15.3,496,,,,,,,,,,,,,,,,,,,,
Phrynoidis_aspera,1,91.983,100,0.21,0.11,1.84,0.62,1,0.3,30.6,0.12,4.89,27.1,21.9,413,3.06,0.97,0.13,8.45,,,0.656,0.032,0.034,0.167,0.018,0.097,23,0.497,0.046,0.029,0.198,0.041,0.083,17
Phrynoidis_aspera,2,90.366,101,0.2,0.11,1.84,0.62,2.48,0.28,27.5,0.12,4.14,24.9,20.6,356,3.81,1.46,0.2,8.15,,,0.628,0.037,0.047,0.14,0.019,0.088,22,0.563,0.045,0.03,0.134,0.032,0.078,22
Phrynoidis_aspera,3,104.6,102,0.2,0.12,1.81,0.64,1.94,0.28,35.6,0.12,5.68,27.1,25.3,507,4.35,1.76,0.15,8.75,,,0.654,0.033,0.036,0.131,0.018,0.074,27,0.574,0.046,0.029,0.095,0.032,0.052,4
Anaxyrus_fowleri,1,60.193,81,0.14,0.15,1.46,0.64,0.74,0.52,25,0.12,3.27,15.9,8.1,171,4.18,3,0.35,6.35,,,,0.061,0.066,,,,,,0.073,0.045,,,,
Anaxyrus_fowleri,2,33.828,71,0.11,0.18,1.51,0.62,0.57,0.48,20.6,0.11,2.59,14,9.9,137,4.43,3.75,0.31,5.61,,,0.677,0.041,0.053,0.209,0.024,0.061,62,,0.054,0.021,,,,
Anaxyrus_fowleri,3,106.05,94,0.11,0.28,1.37,0.59,0.5,0.44,23.4,0.12,2.64,11.8,9.2,141,4.1,3.33,0.28,6.68,,,0.635,0.047,0.052,0.239,0.024,0.065,49,0.517,0.057,0.023,0.175,0.042,0.057,17
Anaxyrus_fowleri,4,37.507,71,0.11,0.22,1.39,0.55,0.4,0.43,31.1,0.13,1.96,13.1,6.3,94,5.44,5,0.33,10.09,,,,,,,,,,0.399,0.05,0.027,0.365,0.045,0.069,
Anaxyrus_fowleri,5,65.67,82,0.1,0.32,1.45,0.54,0.5,0.43,22.8,0.11,2.37,13.6,9.5,142,2.61,2.61,0.3,3.94,,,,,,,,,,,,,,,,
Anaxyrus_fowleri,6,30.535,63,0.1,0.17,1.56,0.63,0.41,0.44,21.4,0.15,3.33,21.9,12.7,253,5.26,3.75,0.31,8.48,,,,,,,,,,0.432,0.051,0.02,0.237,0.042,0.066,19
Anaxyrus_fowleri,7,53.13,80,0.11,0.13,1.48,0.52,0.5,0.36,29.1,0.14,2.46,14.1,12.2,162,4.04,2.73,0.32,6.37,,,0.582,0.037,0.055,0.265,0.021,0.057,50,0.371,0.052,0.023,0.315,0.049,0.066,15
Anaxyrus_fowleri,8,40.923,72,0.11,0.13,1.5,0.67,1,0.23,34.2,0.12,2.39,19.2,13.2,202,5.27,4,0.33,7.62,,,,0.034,0.045,,0.017,,,0.532,0.046,0.036,0.303,0.033,0.06,24
Anaxyrus_fowleri,9,41.14,74,0.09,0.16,1.59,0.58,0.81,0.35,22.6,0.13,2.8,20.5,18.3,314,4.64,3.16,0.37,7.51,,,0.655,0.034,0.045,0.194,0.017,0.066,25,0.409,0.051,0.034,0.355,0.054,0.068,18
Heterixalus_alboguttatus,1,1.607,32,0.17,0.23,1.72,0.64,0.75,0.44,17.7,0.15,1.97,28.1,4.4,55,7.59,1.5,0.1,24.43,,,0.369,0.028,0.032,0.099,0.02,0.052,13,0.343,0.03,0.029,0.172,0.03,0.052,11
Heterixalus_alboguttatus,2,0.878,28,0.16,0.07,1.96,0.57,1,0.45,12.6,0.13,3.7,47.6,6.4,176,10.84,3.16,0.21,29.89,,,0.832,0.025,0.038,0.12,0.013,0.065,6,0.746,0.026,0.027,0.079,0.013,0.079,7
Heterixalus_alboguttatus,3,1.633,30,0.15,0.27,1.97,0.67,1.57,0.4,12.3,0.16,2.38,34.4,8.1,116,8.04,1.4,0.16,29.66,,,0.322,0.026,0.03,0.111,0.023,0.053,8,0.558,0.032,0.039,0.19,0.021,0.054,8
Kaloula_pulchra,1,20.933,61,0.08,0.16,1.38,0.65,0.55,0.41,22.5,0.13,2.1,17.2,8.2,152,6.07,4,0.4,11.44,,,0.623,0.038,0.042,0.241,0.02,0.064,39,0.497,0.046,0.036,0.244,0.041,0.062,28
Kaloula_pulchra,2,15.37,58,0.06,0.12,1.44,0.68,0.56,0.31,23.7,0.14,,,,,3.29,3.16,0.26,5.72,,,0.716,0.045,0.074,0.294,0.021,0.088,12,0.541,0.061,0.034,0.296,0.034,0.081,8
Kaloula_pulchra,3,31.894,68,0.09,0.15,1.26,0.65,0.67,0.49,19.1,0.12,3.91,23,16.9,386,4.82,3.75,0.25,9.54,,,0.614,0.033,0.038,0.138,0.019,0.052,49,0.434,0.056,0.033,0.354,0.042,0.054,25
Kassina_senegalensis,1,1.175,30,0.09,0.14,1.4,0.7,1.57,0.56,16.5,0.16,2.85,27.2,5,133,6.08,2.5,0.21,16.06,5.21,8.83,0.542,0.026,0.046,0.241,0.015,0.057,48,0.467,0.029,0.037,0.162,0.022,0.062,22
Kassina_senegalensis,2,0.734,27,0.07,0.11,1.63,0.7,1.4,0.41,14.2,0.17,3.8,26.7,5.4,252,7.59,4,0.27,14.88,4.17,5.54,0.751,0.03,0.049,0.087,0.015,0.055,16,,,,,,,
Kassina_senegalensis,3,1.723,33,0.08,0.24,1.52,0.58,1.44,0.45,25.7,0.16,4.83,36.3,11,381,6.46,3.53,0.24,14.44,6.58,11.17,0.294,0.025,0.027,0.16,0.031,0.048,20,0.346,0.022,0.021,0.13,0.026,0.031,15
Litoria_aurea,1,6.06,47,0.12,0.17,1.74,0.7,1.59,0.33,19.7,0.14,5.17,55.5,32.3,753,9.23,4.29,0.29,19.59,,,0.439,0.027,0.026,0.088,0.02,0.035,9,0.489,0.036,0.041,0.152,0.034,0.052,13
Litoria_aurea,2,7.736,51,0.14,0.16,1.65,0.7,2.25,0.39,16.1,0.15,5.31,48.9,25.9,615,8.18,2.22,0.15,19.22,,,0.505,0.03,0.037,0.098,0.018,0.046,8,0.48,0.035,0.033,0.139,0.026,0.049,10
Melanophryniscus_stelzneri,1,1.5788,28.5,0.04,0.23,1.21,0.56,2.14,0.53,24,0.15,2.63,20.5,5.5,172,7.15,6.94,0.33,10.96,7.35,9.04,0.441,0.041,0.034,0.098,0.023,0.053,16,0.554,0.043,0.021,0.13,0.025,0.061,25
Melanophryniscus_stelzneri,2,0.824,23,0.07,0.13,1.61,0.75,2.25,0.56,17.8,0.13,2.03,25.5,4.2,92,6.94,5,0.33,10.75,4.03,5.79,0.484,0.044,0.034,0.196,0.028,0.056,38,0.532,0.04,0.026,,0.025,0.067,38
Osteopilus_septentrionalis,10,21.641,66,0.13,0.33,1.8,0.56,1.39,0.34,21.1,0.18,3.86,31.2,18.3,427,8.06,2.14,0.18,15.53,,,0.463,0.031,0.039,0.172,0.023,0.06,17,,,,,,,
Osteopilus_septentrionalis,12,7.138,50,0.13,0.2,1.84,0.61,1.35,0.23,25.3,0.2,5.12,42.5,19.9,572,8.98,2.61,0.22,19.69,,,,,,,,,,0.436,0.046,0.073,0.207,0.043,0.067,9
Osteopilus_septentrionalis,13,6.559,51,0.17,0.11,1.82,0.56,1,0.34,21.1,0.17,7.69,56.6,26.3,871,9.73,2.22,0.19,23.14,,,0.426,0.034,0.039,0.158,0.029,0.054,16,,,,,,,
Osteopilus_septentrionalis,14,10.685,59,0.16,0.2,1.88,0.61,1.23,0,0,0.18,8.47,53,35.2,1129,6.81,1.88,0.16,14.49,,,,,,0.207,0.027,0.07,12,,,,,,,
Osteopilus_septentrionalis,15,7.61,55,0.15,0.15,1.85,0.58,1.56,0.3,22.9,0.21,7.49,57.3,35.6,1086,8.55,1.67,0.14,22.75,,,0.4,0.026,0.035,0.196,0.022,0.065,16,0.315,0.04,0.066,0.258,0.058,0.063,11
Phrynomantis_bifasciatus,1,4.167,44,0.06,0.12,1.27,0.77,1.38,0.34,12.5,0.14,1.88,17.8,3.3,64,4.87,3.53,0.24,7.37,1.33,1.55,0.282,0.035,0.049,0.227,0.035,0.058,28,0.452,0.039,0.024,0.3,0.031,0.063,16
Phrynomantis_bifasciatus,2,3.922,44,0.07,0.14,1.3,0.64,0.85,0.4,15.7,0.13,2.53,22.1,6.7,118,5.34,5,0.25,8.98,1.94,2.37,0.533,0.035,0.033,0.205,0.025,0.081,21,0.587,0.048,0.04,0.314,0.032,0.083,23
Phrynomantis_bifasciatus,3,4.777,44,0.07,0.13,1.36,0.71,1.67,0.37,14.6,0.11,,,,,5.55,4,0.27,7.29,0.56,0.54,0.574,0.045,0.058,0.276,0.024,0.089,28,0.5,0.047,0.038,0.346,0.034,0.079,30
Phyllomedusa_hypochondrialis,1,2.278,40,0.09,0.14,1.65,0.8,1,0.27,22.7,0.08,2.22,27.3,10.2,162,5.8,3.75,0.31,10.7,1.18,1.83,0.426,0.042,0.053,0.385,0.028,0.092,17,0.576,0.043,0.037,0.297,0.029,0.082,
Phyllomedusa_hypochondrialis,2,1.992,36,0.09,0.11,1.78,0.8,1.44,0.29,12.8,0.09,2.5,28.3,8.4,145,6.63,4.29,0.36,13.43,1.58,2.57,0.359,0.038,0.026,0.184,0.031,0.077,14,0.358,0.042,0.028,0.273,0.056,0.066,14
Polypedates_leucomystax,1,24.176,82,0.14,0.19,1.6,0.57,1.74,0.25,16.9,0.18,4.18,32.7,29.9,615,5.62,2.07,0.24,11.67,,,0.602,0.035,0.027,0.09,0.02,0.068,9,0.609,0.053,0.027,0.194,0.032,0.084,
Polypedates_leucomystax,2,4.563,49,0.16,0.13,1.94,0.6,1.29,0.26,18.1,0.14,4.81,41.7,17.3,446,8.1,2.73,0.18,16.29,,,0.48,0.029,0.025,0.095,0.02,0.048,8,0.514,0.036,0.028,0.172,0.027,0.071,3
Polypedates_leucomystax,3,6.675,49,0.19,0.14,1.76,0.57,2.44,0.35,23.9,0.16,9.06,63.7,28.9,1037,5.33,1.54,0.13,16.69,,,0.498,0.03,0.026,0.093,0.02,0.05,10,0.579,0.041,0.034,0.324,0.041,0.095,16
Lithobates_pipiens,2,29.805,69,0.17,0.26,1.97,0.57,1.29,0.38,27.3,0.16,2.56,25.4,10.5,172,6.03,1.2,0.14,15.86,,,0.701,0.025,0.025,0.061,0.014,0.062,36,0.56,0.045,0.024,0.183,0.034,0.076,25
Lithobates_pipiens,3,16.673,67,0.23,0.07,1.96,0.55,1.54,0.45,22.4,0.15,1.97,17.3,6.1,60,5.19,1.18,0.2,13.11,,,0.651,0.025,0.024,0.072,0.013,0.045,13,,,,,,,
Lithobates_pipiens,4,24.208,71,0.2,0.11,1.93,0.57,1.81,0.37,22,0.19,3.63,28.6,13.2,257,7.91,1.46,0.12,16.44,,,0.636,0.028,0.032,0.09,0.015,0.067,19,0.46,0.037,0.018,0.112,0.029,0.043,6
Lithobates_pipiens,5,20.194,70,0.23,0.19,2.09,0.53,2,0.37,24.2,0.17,4.87,40.2,19.5,422,4.77,1.22,0.18,10.64,,,0.513,0.024,0.024,0.069,0.017,0.051,4,0.567,0.032,0.018,0.117,0.026,0.054,4
Lithobates_pipiens,6,17.314,67,0.21,0.1,1.93,0.58,2.29,0.38,26.4,0.17,2.98,27.1,10.1,182,9.03,1.82,0.15,19.79,,,0.64,0.029,0.033,0.093,0.015,0.056,11,0.288,0.038,0.026,0.172,0.034,0.051,10
Scaphiopus_holbrookii,1,17.29,56,0.08,0.4,1.3,0.59,1.12,0.35,20.4,0.1,3.09,25.5,15,311,7.49,4.62,0.31,10.44,,,0.439,0.037,0.046,0.277,0.027,0.063,34,0.406,0.048,0.042,,0.039,0.076,32
Scaphiopus_holbrookii,2,7.674,45,0.1,0.15,1.4,0.6,0.8,0.41,21.4,0.13,4.17,39,17.1,471,5.73,4.29,0.21,8.58,,,0.538,0.036,0.042,0.276,0.022,0.065,34,0.331,0.05,0.046,0.397,0.061,0.078,31
Scaphiopus_holbrookii,3,6.681,44,0.09,0.37,1.23,0.62,0.8,0.45,23.9,0.09,3.04,28.1,10.9,281,5.55,4.62,0.38,7.38,,,0.377,0.043,0.083,0.346,0.031,0.058,18,0.34,0.054,0.06,0.444,0.055,0.072,
Scaphiopus_holbrookii,4,10.903,48,0.07,0.32,1.33,0.6,0.79,0.46,25.3,0.11,2.85,25.6,13.1,289,5.76,4.29,0.29,8.34,,,0.445,0.041,0.044,0.228,0.028,0.064,26,0.339,0.047,0.036,0.38,0.06,0.072,20
