Sites,Number_sites,Additional_sites,Species_total,Mini_species,Mini_families,Mini_genera,Faith_PD,MPD,Mean_Difficulty,Total_Difficulty
Andasibe_Blue+Seychelles,2,1,8,4,2,4,1.70304164,0.590254519,2,16
Marojejy_White+Seychelles,2,1,8,4,2,4,1.64208057,0.596345274,2.5,20
MontagneDAmbre_Purple+Seychelles,2,1,5,3,2,3,1.47941796,0.774413482,1.6,8
Ranomafana_Pink+Seychelles,2,1,7,5,2,4,1.4592422,0.60396952,2.142857143,15
NosyBe_Red+Seychelles,2,1,5,4,2,3,1.44069613,0.760211926,1.6,8
Betampona_Green+Seychelles,2,1,5,2,1,2,1.31695641,0.704218336,1.8,9
Andasibe_Blue+NosyBe_Red+Seychelles,3,2,11,6,2,4,2.0132029,0.518249776,2,22
Andasibe_Blue+Marojejy_White+Seychelles,3,2,11,6,2,5,1.9733703,0.519017926,2.272727273,25
Andasibe_Blue+MontagneDAmbre_Purple+Seychelles,3,2,10,5,2,4,1.93467704,0.546908125,1.8,18
MontagneDAmbre_Purple+Marojejy_White+Seychelles,3,2,10,5,2,4,1.89488827,0.551755117,2.2,22
Marojejy_White+NosyBe_Red+Seychelles,3,2,11,6,2,4,1.85047587,0.512937116,2.363636364,26
Ranomafana_Pink+Andasibe_Blue+Seychelles,3,2,11,7,2,4,1.83041298,0.490152276,2.090909091,23
Ranomafana_Pink+Marojejy_White+Seychelles,3,2,11,7,2,5,1.80689536,0.497494924,2.454545455,27
Andasibe_Blue+Tsitomgambarika_Yellow+Seychelles,3,2,10,5,2,5,1.79114744,0.506203502,1.8,18
Ranomafana_Pink+NosyBe_Red+Seychelles,3,2,10,7,2,4,1.78358686,0.525627093,2.1,21
MontagneDAmbre_Purple+NosyBe_Red+Seychelles,3,2,8,5,2,3,1.73379622,0.61319434,1.75,14
Andasibe_Blue+Betampona_Green+Seychelles,3,2,9,4,2,4,1.73114744,0.542555422,1.888888889,17
Tsitomgambarika_Yellow+Marojejy_White+Seychelles,3,2,10,5,2,5,1.73018637,0.513290849,2.2,22
Ranomafana_Pink+MontagneDAmbre_Purple+Seychelles,3,2,9,6,2,4,1.705061,0.557396366,1.888888889,17
Betampona_Green+NosyBe_Red+Seychelles,3,2,8,4,2,3,1.67628347,0.592843453,1.875,15
Betampona_Green+Marojejy_White+Seychelles,3,2,9,4,2,4,1.67018637,0.549353641,2.333333333,21
MontagneDAmbre_Purple+Betampona_Green+Seychelles,3,2,7,3,2,3,1.59775761,0.638765888,1.571428571,11
Tsitomgambarika_Yellow+MontagneDAmbre_Purple+Seychelles,3,2,7,4,2,4,1.58994046,0.632373104,1.428571429,10
Ranomafana_Pink+Tsitomgambarika_Yellow+Seychelles,3,2,9,6,2,5,1.5697647,0.514355138,1.888888889,17
Tsitomgambarika_Yellow+NosyBe_Red+Seychelles,3,2,7,5,2,4,1.56428066,0.626372802,1.428571429,10
Ranomafana_Pink+Betampona_Green+Seychelles,3,2,8,5,2,4,1.5097647,0.553748901,2,16
Tsitomgambarika_Yellow+Betampona_Green+Seychelles,3,2,6,3,2,3,1.37695641,0.636865956,1.666666667,10
Andasibe_Blue+MontagneDAmbre_Purple+Marojejy_White+Seychelles,4,3,13,7,2,5,2.2050057,0.491481197,2.076923077,27
Andasibe_Blue+MontagneDAmbre_Purple+NosyBe_Red+Seychelles,4,3,13,7,2,4,2.1890553,0.485219606,1.846153846,24
Andasibe_Blue+Marojejy_White+NosyBe_Red+Seychelles,4,3,14,8,2,5,2.1605933,0.465919027,2.214285714,31
Ranomafana_Pink+Andasibe_Blue+NosyBe_Red+Seychelles,4,3,14,9,2,4,2.14057424,0.450343625,2.071428571,29
Andasibe_Blue+Tsitomgambarika_Yellow+NosyBe_Red+Seychelles,4,3,13,7,2,5,2.1013087,0.46228958,1.846153846,24
Ranomafana_Pink+Andasibe_Blue+Marojejy_White+Seychelles,4,3,14,9,2,5,2.10074164,0.451632921,2.285714286,32
Ranomafana_Pink+Andasibe_Blue+MontagneDAmbre_Purple+Seychelles,4,3,13,8,2,4,2.06204838,0.468259848,1.923076923,25
Andasibe_Blue+Tsitomgambarika_Yellow+Marojejy_White+Seychelles,4,3,13,7,2,6,2.0614761,0.462997618,2.076923077,27
Ranomafana_Pink+MontagneDAmbre_Purple+Marojejy_White+Seychelles,4,3,13,8,2,5,2.05271416,0.474047273,2.230769231,29
Andasibe_Blue+Betampona_Green+NosyBe_Red+Seychelles,4,3,12,6,2,4,2.0413087,0.48700703,1.916666667,23
MontagneDAmbre_Purple+Marojejy_White+NosyBe_Red+Seychelles,4,3,13,7,2,4,2.02632827,0.482083416,2.153846154,28
Andasibe_Blue+Tsitomgambarika_Yellow+MontagneDAmbre_Purple+Seychelles,4,3,12,6,2,5,2.02278284,0.482251342,1.666666667,20
Ranomafana_Pink+Marojejy_White+NosyBe_Red+Seychelles,4,3,14,9,2,5,2.00830176,0.449696463,2.357142857,33
Andasibe_Blue+Betampona_Green+Marojejy_White+Seychelles,4,3,12,6,2,5,2.0014761,0.487745479,2.166666667,26
Tsitomgambarika_Yellow+MontagneDAmbre_Purple+Marojejy_White+Seychelles,4,3,12,6,2,5,1.98299407,0.487804434,2,24
Andasibe_Blue+MontagneDAmbre_Purple+Betampona_Green+Seychelles,4,3,11,5,2,4,1.96278284,0.51067053,1.727272727,19
Ranomafana_Pink+MontagneDAmbre_Purple+NosyBe_Red+Seychelles,4,3,12,8,2,4,1.95943926,0.489330014,1.916666667,23
Tsitomgambarika_Yellow+Marojejy_White+NosyBe_Red+Seychelles,4,3,13,7,2,5,1.93858167,0.460445903,2.153846154,28
MontagneDAmbre_Purple+Betampona_Green+Marojejy_White+Seychelles,4,3,11,5,2,4,1.92299407,0.515985246,2.090909091,23
Ranomafana_Pink+Andasibe_Blue+Tsitomgambarika_Yellow+Seychelles,4,3,13,8,2,5,1.91851878,0.438170802,1.923076923,25
Ranomafana_Pink+Tsitomgambarika_Yellow+Marojejy_White+Seychelles,4,3,13,8,2,6,1.89500116,0.445250739,2.230769231,29
Ranomafana_Pink+Tsitomgambarika_Yellow+NosyBe_Red+Seychelles,4,3,12,8,2,5,1.89410936,0.466507011,1.916666667,23
Betampona_Green+Marojejy_White+NosyBe_Red+Seychelles,4,3,12,6,2,4,1.87858167,0.483703976,2.25,27
Ranomafana_Pink+Andasibe_Blue+Betampona_Green+Seychelles,4,3,12,7,2,4,1.85851878,0.461047733,2,24
MontagneDAmbre_Purple+Betampona_Green+NosyBe_Red+Seychelles,4,3,10,5,2,3,1.85213587,0.538470432,1.7,17
Tsitomgambarika_Yellow+MontagneDAmbre_Purple+NosyBe_Red+Seychelles,4,3,10,6,2,4,1.84431872,0.533510231,1.6,16
Ranomafana_Pink+Betampona_Green+Marojejy_White+Seychelles,4,3,12,7,2,5,1.83500116,0.468290769,2.333333333,28
Ranomafana_Pink+Betampona_Green+NosyBe_Red+Seychelles,4,3,11,7,2,4,1.83410936,0.492885203,2,22
Ranomafana_Pink+Tsitomgambarika_Yellow+MontagneDAmbre_Purple+Seychelles,4,3,11,7,2,5,1.8155835,0.488461566,1.727272727,19
Andasibe_Blue+Tsitomgambarika_Yellow+Betampona_Green+Seychelles,4,3,10,5,2,5,1.79114744,0.506203502,1.8,18
Ranomafana_Pink+MontagneDAmbre_Purple+Betampona_Green+Seychelles,4,3,10,6,2,4,1.7555835,0.519089408,1.8,18
Tsitomgambarika_Yellow+Betampona_Green+NosyBe_Red+Seychelles,4,3,9,5,2,4,1.73628347,0.54942732,1.777777778,16
Tsitomgambarika_Yellow+Betampona_Green+Marojejy_White+Seychelles,4,3,10,5,2,5,1.73018637,0.513290849,2.2,22
Tsitomgambarika_Yellow+MontagneDAmbre_Purple+Betampona_Green+Seychelles,4,3,8,4,2,4,1.65775761,0.586408451,1.5,12
Ranomafana_Pink+Tsitomgambarika_Yellow+Betampona_Green+Seychelles,4,3,9,6,2,5,1.5697647,0.514355138,1.888888889,17
Andasibe_Blue+MontagneDAmbre_Purple+Marojejy_White+NosyBe_Red+Seychelles,5,4,16,9,2,5,2.3364457,0.445398595,2.0625,33
Ranomafana_Pink+Andasibe_Blue+MontagneDAmbre_Purple+Marojejy_White+Seychelles,5,4,16,10,2,5,2.33237704,0.436419143,2.125,34
Ranomafana_Pink+Andasibe_Blue+MontagneDAmbre_Purple+NosyBe_Red+Seychelles,5,4,16,10,2,4,2.31642664,0.431723461,1.9375,31
Andasibe_Blue+Tsitomgambarika_Yellow+MontagneDAmbre_Purple+Marojejy_White+Seychelles,5,4,15,8,2,6,2.2931115,0.446371938,1.933333333,29
Ranomafana_Pink+Andasibe_Blue+Marojejy_White+NosyBe_Red+Seychelles,5,4,17,11,2,5,2.28796464,0.419099448,2.235294118,38
Andasibe_Blue+Tsitomgambarika_Yellow+MontagneDAmbre_Purple+NosyBe_Red+Seychelles,5,4,15,8,2,5,2.2771611,0.441596864,1.733333333,26
Andasibe_Blue+Tsitomgambarika_Yellow+Marojejy_White+NosyBe_Red+Seychelles,5,4,16,9,2,6,2.2486991,0.427243986,2.0625,33
Andasibe_Blue+MontagneDAmbre_Purple+Betampona_Green+Marojejy_White+Seychelles,5,4,14,7,2,5,2.2331115,0.466504328,2,28
Ranomafana_Pink+Andasibe_Blue+Tsitomgambarika_Yellow+NosyBe_Red+Seychelles,5,4,16,10,2,5,2.22868004,0.412525298,1.9375,31
Andasibe_Blue+MontagneDAmbre_Purple+Betampona_Green+NosyBe_Red+Seychelles,5,4,14,7,2,4,2.2171611,0.461065939,1.785714286,25
Ranomafana_Pink+Andasibe_Blue+Tsitomgambarika_Yellow+Marojejy_White+Seychelles,5,4,16,10,2,6,2.18884744,0.41361117,2.125,34
Andasibe_Blue+Betampona_Green+Marojejy_White+NosyBe_Red+Seychelles,5,4,15,8,2,5,2.1886991,0.44454957,2.133333333,32
Ranomafana_Pink+MontagneDAmbre_Purple+Marojejy_White+NosyBe_Red+Seychelles,5,4,16,10,2,5,2.18415416,0.431629142,2.1875,35
Ranomafana_Pink+Andasibe_Blue+Betampona_Green+NosyBe_Red+Seychelles,5,4,15,9,2,4,2.16868004,0.42938955,2,30
Ranomafana_Pink+Andasibe_Blue+Tsitomgambarika_Yellow+MontagneDAmbre_Purple+Seychelles,5,4,15,9,2,5,2.15015418,0.425799118,1.8,27
Ranomafana_Pink+Tsitomgambarika_Yellow+MontagneDAmbre_Purple+Marojejy_White+Seychelles,5,4,15,9,2,6,2.14081996,0.431511581,2.066666667,31
Ranomafana_Pink+Andasibe_Blue+Betampona_Green+Marojejy_White+Seychelles,5,4,15,9,2,5,2.12884744,0.430568743,2.2,33
Tsitomgambarika_Yellow+MontagneDAmbre_Purple+Marojejy_White+NosyBe_Red+Seychelles,5,4,15,8,2,5,2.11443407,0.440680356,2,30
Andasibe_Blue+Tsitomgambarika_Yellow+Betampona_Green+NosyBe_Red+Seychelles,5,4,13,7,2,5,2.1013087,0.46228958,1.846153846,24
Ranomafana_Pink+Tsitomgambarika_Yellow+Marojejy_White+NosyBe_Red+Seychelles,5,4,16,10,2,6,2.09640756,0.413271112,2.1875,35
Ranomafana_Pink+Andasibe_Blue+MontagneDAmbre_Purple+Betampona_Green+Seychelles,5,4,14,8,2,4,2.09015418,0.444683387,1.857142857,26
Ranomafana_Pink+MontagneDAmbre_Purple+Betampona_Green+Marojejy_White+Seychelles,5,4,14,8,2,5,2.08081996,0.450459363,2.142857143,30
Ranomafana_Pink+Tsitomgambarika_Yellow+MontagneDAmbre_Purple+NosyBe_Red+Seychelles,5,4,14,9,2,5,2.06996176,0.443930949,1.785714286,25
Andasibe_Blue+Tsitomgambarika_Yellow+Betampona_Green+Marojejy_White+Seychelles,5,4,13,7,2,6,2.0614761,0.462997618,2.076923077,27
MontagneDAmbre_Purple+Betampona_Green+Marojejy_White+NosyBe_Red+Seychelles,5,4,14,7,2,4,2.05443407,0.459193103,2.071428571,29
Ranomafana_Pink+Betampona_Green+Marojejy_White+NosyBe_Red+Seychelles,5,4,15,9,2,5,2.03640756,0.429535292,2.266666667,34
Andasibe_Blue+Tsitomgambarika_Yellow+MontagneDAmbre_Purple+Betampona_Green+Seychelles,5,4,12,6,2,5,2.02278284,0.482251342,1.666666667,20
Ranomafana_Pink+MontagneDAmbre_Purple+Betampona_Green+NosyBe_Red+Seychelles,5,4,13,8,2,4,2.00996176,0.464389651,1.846153846,24
Tsitomgambarika_Yellow+MontagneDAmbre_Purple+Betampona_Green+Marojejy_White+Seychelles,5,4,12,6,2,5,1.98299407,0.487804434,2,24
Tsitomgambarika_Yellow+Betampona_Green+Marojejy_White+NosyBe_Red+Seychelles,5,4,13,7,2,5,1.93858167,0.460445903,2.153846154,28
Ranomafana_Pink+Andasibe_Blue+Tsitomgambarika_Yellow+Betampona_Green+Seychelles,5,4,13,8,2,5,1.91851878,0.438170802,1.923076923,25
Tsitomgambarika_Yellow+MontagneDAmbre_Purple+Betampona_Green+NosyBe_Red+Seychelles,5,4,11,6,2,4,1.91213587,0.507372424,1.636363636,18
Ranomafana_Pink+Tsitomgambarika_Yellow+Betampona_Green+Marojejy_White+Seychelles,5,4,13,8,2,6,1.89500116,0.445250739,2.230769231,29
Ranomafana_Pink+Tsitomgambarika_Yellow+Betampona_Green+NosyBe_Red+Seychelles,5,4,12,8,2,5,1.89410936,0.466507011,1.916666667,23
Ranomafana_Pink+Tsitomgambarika_Yellow+MontagneDAmbre_Purple+Betampona_Green+Seychelles,5,4,11,7,2,5,1.8155835,0.488461566,1.727272727,19
