Species,Family,Locomotor_mode,Habitat,SVL,Specimen_prearranged,Site,Difficulty
Adelophryne_gutturosa,Eleutherodactylidae,Jumper,Terrestrial,14,NHML,NA,NA
Anodonthyla_eximia,Microhylidae,Walker_hopper,Terrestrial,11,NHMD,Ranomafana_Pink,2
Anodonthyla_moramora,Microhylidae,Walker_hopper,Arboreal,15,NHMD,Ranomafana_Pink,1
Anodonthyla_boulengerii,Microhylidae,Walker_hopper,Arboreal,20,NHML,Andasibe_Blue,3
Arthroleptis_tanneri,Arthroleptidae,Jumper,Terrestrial,44.09,Preliminary,LITERATURE,NA
Arthroleptis_xenodactyloides,Arthroleptidae,Jumper,Terrestrial,20,NHMD,NA,NA
Austrochaperina_gracilipes,Microhylidae,Walker_hopper,Terrestrial,20,NHML,NA,NA
Barbourula_busuangensis,Bombinatoridae,Swimmer,Aquatic,74.06,Preliminary,NA,NA
Brachycephalus_coloratus,Brachycephalidae,Walker_hopper,Terrestrial,10.31,No,LITERATURE,NA
Brachycephalus_pernix,Brachycephalidae,Walker_hopper,Terrestrial,12.81,No,LITERATURE,NA
Brachycephalus_sulfuratus,Brachycephalidae,Walker_hopper,Terrestrial,8.43,No,LITERATURE,NA
Chaperina_fusca,Microhylidae,Jumper,Arboreal,25,NHML,NA,NA
Chiasmocleis_albopunctata,Microhylidae,Burrower_walker_hopper,Terrestrial,22,NHML,LITERATURE,NA
Chiasmocleis_leucosticta,Microhylidae,Walker_hopper,Terrestrial,20,NHML,NA,NA
Choerophryne_rostellifer,Microhylidae,Walker_hopper,Terrestrial,17,NHML,NA,NA
Cophixalus_cheesmanae,Microhylidae,Burrower_walker_hopper,Arboreal,25,NHML,NA,NA
Cophixalus_neglectus,Microhylidae,Walker_hopper,Terrestrial,30,Pending,NA,NA
Cophixalus_pipilans,Microhylidae,Walker_hopper,Terrestrial,20,NHML,NA,NA
Cophixalus_riparius,Microhylidae,Walker_hopper,Terrestrial,45,NHML,NA,NA
Eleutherodactylus_coqui,Eleutherodactylidae,Jumper,Arboreal,41,NHML,NA,NA
Eupsophus_roseus,Alsodidae,Walker_hopper,Terrestrial,35.1,Preliminary,NA,NA
Gastrophryne_carolinensis,Microhylidae,Burrower_walker_hopper,Terrestrial,27.5,NHML,NA,NA
Ischnocnema_guentheri,Brachycephalidae,Jumper,Terrestrial,38.56,Preliminary,LITERATURE,NA
Leptodactylus_poecilochilus,Leptodactylidae,Jumper,Terrestrial,36.19,Preliminary,LITERATURE,NA
Microhyla_borneensis,Microhylidae,Walker_hopper,Arboreal,12.8,NHML,NA,NA
Microhyla_berdmorei,Microhylidae,Jumper,Terrestrial,45,NHML,NA,NA
Microhyla_pulchra,Microhylidae,Jumper,Terrestrial,35,NHML,NA,NA
Microhyla_rubra,Microhylidae,Jumper,Terrestrial,25,NHML,NA,NA
Mini_mum,Microhylidae,Walker_hopper,Terrestrial,9,NHMD,NA,NA
Mini_scule,Microhylidae,Walker_hopper,Terrestrial,9,NHMD,Tsitomgambarika_Yellow,1
Occidozyga_laevis,Dicroglossidae,Swimmer,Aquatic,33.38,Preliminary,NA,NA
Paedophryne_amauensis,Microhylidae,Jumper,Terrestrial,7.7,No,NA,NA
Paedophryne_verrucosa,Microhylidae,Walker_hopper,Terrestrial,8.36,Preliminary,NA,NA
Platypelis_grandis,Microhylidae,Walker_hopper,Arboreal,88,NHMD,MontagneDAmbre_Purple;Ranomafana_Pink;Andasibe_Blue;Betampona_Green;Marojejy_White,4
Platypelis_tuberifera,Microhylidae,Walker_hopper,Arboreal,35,NHMD,Ranomafana_Pink;Andasibe_Blue;Betampona_Green;Marojejy_White,2
Platypelis_pollicaris,Microhylidae,Walker_hopper,Arboreal,27,No,Andasibe_Blue,1
Plethodontohyla_guentheri,Microhylidae,Walker_hopper,Terrestrial,33,NHMD,Andasibe_Blue;Marojejy_White,3
Plethodontohyla_inguinalis,Microhylidae,Walker_hopper,Terrestrial,100,NHMD,NA,NA
Plethodontohyla_notosticta,Microhylidae,Walker_hopper,Arboreal,42,NHMD,Tsitomgambarika_Yellow;Betampona_Green,1
Rana_temporaria,Ranidae,Jumper,Terrestrial,79.13,Preliminary,LITERATURE,NA
Rhombophryne_laevipes,Microhylidae,Burrower_walker_hopper,Terrestrial,47,NHMD,NA,NA
Rhombophryne_minuta,Microhylidae,Burrower_walker_hopper,Terrestrial,18,NHMD,NA,NA
Rhombophryne_testudo,Microhylidae,Burrower_walker_hopper,Terrestrial,35,NHML,NosyBe_Red,4
Rhombophryne_mavokely,Microhylidae,Walker_hopper,Terrestrial,21,No,Marojejy_White,3
Rhombophryne_savaka,Microhylidae,Walker_hopper,Terrestrial,19,No,Marojejy_White,3
Rhombophryne_quentini,Microhylidae,Walker_hopper,Terrestrial,15,Pending,NA,NA
Sechellophryne_gardineri,Sooglossidae,Jumper,Terrestrial,11.71,Preliminary,Seychelles,1
Sooglossus_sechellensis,Sooglossidae,Jumper,Terrestrial,16,Pending,Seychelles,1
Stumpffia_madagascariensis,Microhylidae,Walker_hopper,Terrestrial,10,No,MontagneDAmbre_Purple,1
Stumpffia_megsoni,Microhylidae,Burrower_walker_hopper,Terrestrial,22,No,MontagneDAmbre_Purple,1
Stumpffia_nigrorubra,Microhylidae,Walker_hopper,Terrestrial,17,NHMD,Ranomafana_Pink,4
Stumpffia_obscoena,Microhylidae,Walker_hopper,Terrestrial,10,NHMD,Andasibe_Blue,1
Stumpffia_psologlossa,Microhylidae,Walker_hopper,Terrestrial,15,NHML,NosyBe_Red,1
Stumpffia_pygmaea,Microhylidae,Walker_hopper,Terrestrial,11,No,NosyBe_Red,1
Stumpffia_tridactyla,Microhylidae,Walker_hopper,Terrestrial,12,NHMD,Marojejy_White,3
Telmatobius_brevipes,Telmatobiidae,Swimmer,Aquatic,47.51,Preliminary,NA,NA
